arena_r,interac_r,pi1,pi2,q1,q2,lambda,f0,f1,f2,sdf0,sdf1,sdf2,Q,sdQ,m,sdm,k0,k1,k2,sdk0,sdk1,sdk2
20.0,6.5,0.3,0.3,7,10,0.3,0.1471443139,0.3134723319,0.5393833542,0.0517257492,0.0789957139,0.0846335332,-0.0875613097,0.2314721052,,,,,,,,
20.0,6.5,0.3,0.3,7,10,0.6,0.1310973257,0.2522827793,0.616619895,0.0505846506,0.0923914096,0.1006743721,0.1120543364,0.2765961122,,,,,,,,
20.0,6.5,0.3,0.3,7,10,0.9,0.113256186,0.1016461385,0.7850976756,0.0484145392,0.08241727,0.0954336383,0.5818053987,0.2517745839,,,,,,,,
20.0,7.5,0.3,0.3,7,10,0.3,0.1467442139,0.310948063,0.5423077231,0.0515574792,0.0793204956,0.0853855749,-0.0795884029,0.2330368812,,,,,,,,
20.0,7.5,0.3,0.3,7,10,0.6,0.1299865034,0.2480246938,0.6219888028,0.0501345834,0.0929342724,0.1011642384,0.1259394151,0.2783816273,,,,,,,,
20.0,7.5,0.3,0.3,7,10,0.9,0.1106397401,0.092624144,0.796736116,0.0475927869,0.0813402182,0.0944497126,0.611487828,0.248856353,,,,,,,,
20.0,8.0,0.3,0.3,7,10,0.3,0.1463414146,0.3119575106,0.5417010747,0.0514725757,0.0785447762,0.0842538364,-0.0822139465,0.2302454472,,,,,,,,
20.0,8.0,0.3,0.3,7,10,0.6,0.1295615096,0.2465829543,0.6238555361,0.0503037579,0.0919555758,0.1006178023,0.1306896276,0.2757641344,,,,,,,,
20.0,8.0,0.3,0.3,7,10,0.9,0.1100234941,0.0899854036,0.7999911022,0.0473048941,0.0801893335,0.0934735342,0.6200202949,0.2455979927,,,,,,,,
