arena_r,interac_r,pi1,pi2,q1,q2,lambda,f0,f1,f2,sdf0,sdf1,sdf2,Q,sdQ,m,sdm,k0,k1,k2,sdk0,sdk1,sdk2
20.0,6.5,0.3,0.3,7,10,0.3,0.1471443139,0.3134723319,0.5393833542,0.0517257492,0.0789957139,0.0846335332,-0.0875613097,0.2314721052,,,,,,,,
20.0,6.5,0.3,0.3,7,10,0.6,0.1310973257,0.2522827793,0.616619895,0.0505846506,0.0923914096,0.1006743721,0.1120543364,0.2765961122,,,,,,,,
20.0,6.5,0.3,0.3,7,10,0.9,0.113256186,0.1016461385,0.7850976756,0.0484145392,0.08241727,0.0954336383,0.5818053987,0.2517745839,,,,,,,,
