arena_r,interac_r,pi1,pi2,q1,q2,lambda,f0,f1,f2,sdf0,sdf1,sdf2,Q,sdQ,m,sdm,k0,k1,k2,sdk0,sdk1,sdk2
20.0,6.5,0.3,0.3,7,10,0.3,0.1684968758,0.320062651,0.5114404732,0.0992040558,0.1358515037,0.1459456217,-0.1286848288,0.3936385022,,,,,,,,
20.0,6.5,0.3,0.3,7,10,0.6,0.1929677581,0.2864963759,0.520535866,0.107024112,0.1478048281,0.1616126673,-0.0524568858,0.4318856849,,,,,,,,
20.0,6.5,0.3,0.3,7,10,0.9,0.2906486712,0.2041331334,0.5052181955,0.1339497859,0.1607897683,0.1901265191,0.0969519287,0.4771575077,,,,,,,,
