arena_r,interac_r,pi1,pi2,q1,q2,lambda,f0,f1,f2,sdf0,sdf1,sdf2,Q,sdQ,m,sdm,k0,k1,k2,sdk0,sdk1,sdk2
20.0,6.5,0.3,0.3,7,10,0.3,0.1469205397,0.3131329335,0.5399465267,0.0470723303,0.0722193134,0.0771784116,-0.0863193403,0.2114986725,,,,,,,,
20.0,6.5,0.3,0.3,7,10,0.6,0.1299925037,0.2490331501,0.6209743462,0.0459858775,0.0842164979,0.0914139743,0.122908046,0.2517829489,,,,,,,,
20.0,6.5,0.3,0.3,7,10,0.9,0.1113005164,0.0966983175,0.7920011661,0.0435147668,0.0755650534,0.0873203191,0.5986045311,0.2309716612,,,,,,,,
