arena_r,interac_r,pi1,pi2,q1,q2,lambda,f0,f1,f2,sdf0,sdf1,sdf2,Q,sdQ,m,sdm,k0,k1,k2,sdk0,sdk1,sdk2
20.0,6.5,0.3,0.3,7,10,0.3,0.1479886903,0.3148216696,0.5371896401,0.0579203731,0.0878254689,0.0939769941,-0.0924536991,0.2570318365,,,,,,,,
20.0,6.5,0.3,0.3,7,10,0.6,0.1342884904,0.2604556986,0.605255811,0.057229206,0.1032838085,0.112294833,0.0843444139,0.3086831628,,,,,,,,
20.0,6.5,0.3,0.3,7,10,0.9,0.1233016746,0.1222714946,0.7544268308,0.0566889732,0.1010593969,0.1151373828,0.5098838415,0.3076045866,,,,,,,,
