arena_r,interac_r,pi1,pi2,q1,q2,lambda,f0,f1,f2,sdf0,sdf1,sdf2,Q,sdQ,m,sdm,k0,k1,k2,sdk0,sdk1,sdk2
20.0,6.0,0.3,0.3,7,10,0.3,0.1490854786,0.315242002,0.5356725194,0.0583036865,0.0875192869,0.0937887391,-0.0948114846,0.2560236249,,,,,,,,
20.0,6.0,0.3,0.3,7,10,0.6,0.1371947013,0.2650013122,0.5978039865,0.0579387099,0.1016458366,0.1106207763,0.0678013622,0.3032957909,,,,,,,,
20.0,6.0,0.3,0.3,7,10,0.9,0.1352855536,0.1364411397,0.7282733067,0.0592474177,0.1054652016,0.1200087148,0.4553910272,0.3208164808,,,,,,,,
20.0,6.3,0.3,0.3,7,10,0.3,0.148389965,0.3154411397,0.5361688953,0.0579430537,0.0882442765,0.0944712156,-0.0947133842,0.25842204,,,,,,,,
20.0,6.3,0.3,0.3,7,10,0.6,0.1358469758,0.2634147088,0.6007383154,0.0575507634,0.1026019998,0.1115419091,0.0739088978,0.3063717251,,,,,,,,
20.0,6.3,0.3,0.3,7,10,0.9,0.1253555986,0.1251035991,0.7495408023,0.0573228018,0.1031242848,0.1178289718,0.4993336041,0.3144628774,,,,,,,,
20.0,6.5,0.3,0.3,7,10,0.3,0.1479886903,0.3148216696,0.5371896401,0.0579203731,0.0878254689,0.0939769941,-0.0924536991,0.2570318365,,,,,,,,
20.0,6.5,0.3,0.3,7,10,0.6,0.1342884904,0.2604556986,0.605255811,0.057229206,0.1032838085,0.112294833,0.0843444139,0.3086831628,,,,,,,,
20.0,6.5,0.3,0.3,7,10,0.9,0.1233016746,0.1222714946,0.7544268308,0.0566889732,0.1010593969,0.1151373828,0.5098838415,0.3076045866,,,,,,,,
