arena_r,interac_r,pi1,pi2,q1,q2,lambda,f0,f1,f2,sdf0,sdf1,sdf2,Q,sdQ,m,sdm,k0,k1,k2,sdk0,sdk1,sdk2
20.0,6.5,0.3,0.3,7,10,0.3,0.1549939515,0.317603999,0.5274020495,0.0746569742,0.1093882366,0.1170805748,-0.1078059485,0.3190156316,,,,,,,,
20.0,6.5,0.3,0.3,7,10,0.6,0.1510612347,0.2729254686,0.5760132967,0.0760839491,0.124091244,0.1352035807,0.0301623594,0.3683127897,,,,,,,,
20.0,6.5,0.3,0.3,7,10,0.9,0.1767088228,0.1696822794,0.6536088978,0.0859276181,0.1374387124,0.1591296862,0.3142443389,0.4177751286,,,,,,,,
