arena_r,interac_r,pi1,pi2,q1,q2,lambda,f0,f1,f2,sdf0,sdf1,sdf2,Q,sdQ,m,sdm,k0,k1,k2,sdk0,sdk1,sdk2
20.0,6.5,0.3,0.3,7,10,0.3,0.180367908,0.323380155,0.496251937,0.1240376486,0.1612063424,0.1723217189,-0.1505083729,0.4628591112,,,,,,,,
20.0,6.5,0.3,0.3,7,10,0.6,0.2314828793,0.2854791302,0.4830379905,0.1397266068,0.1682142016,0.1863527877,-0.0879202699,0.4846763259,,,,,,,,
20.0,6.5,0.3,0.3,7,10,0.9,0.4062484379,0.1952516871,0.398499875,0.176855528,0.1693765798,0.2057914273,0.0079965009,0.4864412952,,,,,,,,
