arena_r,interac_r,pi1,pi2,q1,q2,lambda,f0,f1,f2,sdf0,sdf1,sdf2,Q,sdQ,m,sdm,k0,k1,k2,sdk0,sdk1,sdk2
20.0,6.0,0.3,0.3,7,10,0.3,0.1531956178,0.3174127302,0.5293916521,0.0677867616,0.1002899871,0.1073319684,-0.1054338082,0.2927778224,,,,,,,,
20.0,6.0,0.3,0.3,7,10,0.6,0.1511073065,0.2724447222,0.5764479713,0.0695383244,0.1135790357,0.1238686678,0.031558527,0.3372838086,,,,,,,,
20.0,6.0,0.3,0.3,7,10,0.9,0.1742663501,0.1650821461,0.6606515038,0.0785438432,0.1220973112,0.1419318316,0.3304872115,0.3708668012,,,,,,,,
20.0,6.3,0.3,0.3,7,10,0.3,0.1520744814,0.3178358744,0.5300896443,0.0676731769,0.1005931303,0.1078943619,-0.1055821045,0.29407164,,,,,,,,
20.0,6.3,0.3,0.3,7,10,0.6,0.1478666167,0.2723564942,0.5797768891,0.0690868323,0.1161993282,0.1265440993,0.0350639007,0.3456992184,,,,,,,,
20.0,6.3,0.3,0.3,7,10,0.9,0.1553123386,0.1609175206,0.6837701408,0.0727797706,0.127410383,0.1435336983,0.3619350996,0.385502804,,,,,,,,
20.0,6.5,0.3,0.3,7,10,0.3,0.1505991835,0.3155662751,0.5338345414,0.0673460699,0.1006627346,0.1079192259,-0.0972980088,0.2943919302,,,,,,,,
20.0,6.5,0.3,0.3,7,10,0.6,0.1430744814,0.2702206115,0.5867049071,0.0679796571,0.1170415998,0.1268988483,0.0462636841,0.3482239251,,,,,,,,
20.0,6.5,0.3,0.3,7,10,0.9,0.1485396151,0.1507279847,0.7007324002,0.0715006006,0.1253530344,0.1423579206,0.3992764309,0.3805955337,,,,,,,,
