arena_r,interac_r,pi1,pi2,q1,q2,lambda,f0,f1,f2,sdf0,sdf1,sdf2,Q,sdQ,m,sdm,k0,k1,k2,sdk0,sdk1,sdk2
20.0,6.5,0.3,0.3,7,10,0.3,0.1505991835,0.3155662751,0.5338345414,0.0673460699,0.1006627346,0.1079192259,-0.0972980088,0.2943919302,,,,,,,,
20.0,6.5,0.3,0.3,7,10,0.6,0.1430744814,0.2702206115,0.5867049071,0.0679796571,0.1170415998,0.1268988483,0.0462636841,0.3482239251,,,,,,,,
20.0,6.5,0.3,0.3,7,10,0.9,0.1485396151,0.1507279847,0.7007324002,0.0715006006,0.1253530344,0.1423579206,0.3992764309,0.3805955337,,,,,,,,
