f0,f1,f2,sdf0,sdf1,sdf2,Q,sdQ
0.4081657086,0.1971707073,0.3946635841,0.1773133371,0.1692038286,0.2049787464,0.0003221695,0.4847147966