f0,f1,f2,sdf0,sdf1,sdf2,Q,sdQ,m,sdm,k0,k1,k2,sdk0,sdk1,sdk2
0.1882762881,0.1661105438,0.6456131681,0.0718699386,0.1150018591,0.1316400579,0.3133920806,0.3478639159,0.4767298175,0.1808943453,0.9328791795,0.5526189915,0.4287844046,0.7337150823,0.272025615,0.2492500671