f0,f1,f2,sdf0,sdf1,sdf2,Q,sdQ
0.1087417521,0.082017933,0.8092403149,0.0370154187,0.0578318091,0.0686716078,0.6452044489,0.1774096829