f0,f1,f2,f3,f4,sdf0,sdf1,sdf2,sdf3,sdf4,Q,sdQ
0.1509822857,0.1510857143,0.1801697143,0.2149651429,0.3027971429,0.0604526329,0.0601677655,0.0652476645,0.0697812004,0.0786503271,-0.1220017143,0.1467351567