f0,f1,f2,sdf0,sdf1,sdf2,Q,sdQ
0.1160521168,0.1516064825,0.7323414007,0.0576016484,0.111327892,0.1243314121,0.4291284358,0.337790464