f0,f1,f2,sdf0,sdf1,sdf2,Q,sdQ
0.1117146428,0.0307814475,0.8575039097,0.0568919778,0.0579256582,0.0813394454,0.7959410147,0.1830497558