f0,f1,f2,sdf0,sdf1,sdf2,Q,sdQ
0.2234005714,0.2872191429,0.4893802857,0.073391465,0.0934390377,0.1027855566,-0.085058,0.2707528768