f0,f1,f2,sdf0,sdf1,sdf2,Q,sdQ
0.134855429,0.2079139501,0.6572306209,0.0643041272,0.1466590346,0.1594914311,0.2414027207,0.4439546631