f0,f1,f2,sdf0,sdf1,sdf2,Q,sdQ
0.1147710837,0.1043250163,0.7809039,0.0155189965,0.0268973958,0.0309924103,0.5722538674,0.0821019451