f0,f1,f2,sdf0,sdf1,sdf2,Q,sdQ,m,sdm,k0,k1,k2,sdk0,sdk1,sdk2
0.1074988396,0.2983634091,0.5941377513,0.0557867459,0.1781780993,0.1830375025,-0.002589067,0.5336370211,0.4654914129,0.1917411365,89.3966108473,0.4349384012,0.4320271738,67.2796859814,0.2715338403,0.2780546098