f0,f1,f2,sdf0,sdf1,sdf2,Q,sdQ
0.1084558299,0.3091910946,0.5823530755,0.0539654167,0.1013962471,0.1073792889,-0.0360291137,0.3007550435