f0,f1,f2,sdf0,sdf1,sdf2,Q,sdQ,m,sdm,k0,k1,k2,sdk0,sdk1,sdk2
0.1639910022,0.3439002749,0.4921087228,0.1173385522,0.1500958922,0.1577931003,-0.195691827,0.4270034859,0.3269390152,0.1679535827,1.5129800883,0.3573214196,0.3057310472,1.0388459403,0.2498244513,0.2365561472