f0,f1,f2,sdf0,sdf1,sdf2,Q,sdQ
0.1716689025,0.3316757528,0.4966553447,0.064476647,0.0835461141,0.0889186148,-0.166696161,0.2393424392