f0,f1,f2,sdf0,sdf1,sdf2,Q,sdQ
0.113256186,0.1016461385,0.7850976756,0.0484145392,0.08241727,0.0954336383,0.5818053987,0.2517745839