f0,f1,f2,sdf0,sdf1,sdf2,Q,sdQ
0.1883921793,0.1968768374,0.6147309833,0.0738939544,0.1133392348,0.1311118816,0.2209773084,0.3431108224