f0,f1,f2,sdf0,sdf1,sdf2,Q,sdQ
0.7285714286,0.0714285714,0.2,0.0428571428,0.0142857143,0.0285714286,0.0571428572,0.0