arena_r,interac_r,pi1,pi2,q1,q2,lambda,f0,f1,f2,sdf0,sdf1,sdf2,Q,sdQ,m,sdm,k0,k1,k2,sdk0,sdk1,sdk2
20.0,6.5,0.3,0.3,7,10,0.3,0.1462822339,0.3135943278,0.5401234383,0.0408194853,0.0626566027,0.0670547609,-0.0870652174,0.1836073563,,,,,,,,
20.0,6.5,0.3,0.3,7,10,0.6,0.1294466517,0.2434441529,0.6271091954,0.0396350034,0.0735605303,0.0804335435,0.1402208896,0.2207571232,,,,,,,,
20.0,6.5,0.3,0.3,7,10,0.9,0.1094717641,0.0856826587,0.8048455772,0.0374239219,0.0608727597,0.071325657,0.6334802599,0.1862630006,,,,,,,,
20.0,7.5,0.3,0.3,7,10,0.3,0.1464124594,0.3119010247,0.5416865159,0.0408636487,0.0632697454,0.0677823995,-0.0821155336,0.1856395691,,,,,,,,
20.0,7.5,0.3,0.3,7,10,0.6,0.1285821045,0.2396604599,0.6317574356,0.0394210081,0.0723843332,0.0792077628,0.1524365159,0.2171417219,,,,,,,,
20.0,7.5,0.3,0.3,7,10,0.9,0.1087873032,0.0830987878,0.808113909,0.037050711,0.0594957301,0.0701235791,0.6419163334,0.1823318131,,,,,,,,
20.0,8.0,0.3,0.3,7,10,0.3,0.1462939265,0.3102789303,0.5434271432,0.0407319354,0.0632333382,0.0679633113,-0.0771307173,0.1858213775,,,,,,,,
20.0,8.0,0.3,0.3,7,10,0.6,0.1283920895,0.2384286428,0.6331792677,0.0395011272,0.0730967791,0.079948351,0.156321982,0.219347608,,,,,,,,
20.0,8.0,0.3,0.3,7,10,0.9,0.1087417521,0.082017933,0.8092403149,0.0370154187,0.0578318091,0.0686716078,0.6452044489,0.1774096829,,,,,,,,
