arena_r,interac_r,pi1,pi2,q1,q2,lambda,f0,f1,f2,sdf0,sdf1,sdf2,Q,sdQ,m,sdm,k0,k1,k2,sdk0,sdk1,sdk2
20.0,6.5,0.3,0.3,7,10,0.3,0.1462822339,0.3135943278,0.5401234383,0.0408194853,0.0626566027,0.0670547609,-0.0870652174,0.1836073563,,,,,,,,
20.0,6.5,0.3,0.3,7,10,0.6,0.1294466517,0.2434441529,0.6271091954,0.0396350034,0.0735605303,0.0804335435,0.1402208896,0.2207571232,,,,,,,,
20.0,6.5,0.3,0.3,7,10,0.9,0.1094717641,0.0856826587,0.8048455772,0.0374239219,0.0608727597,0.071325657,0.6334802599,0.1862630006,,,,,,,,
