coms,counts,probs
1,939,0.4913657770800628
2,339,0.17739403453689168
3,156,0.08163265306122448
4,114,0.059654631083202514
5,66,0.03453689167974882
6,50,0.026164311878597593
7,34,0.017791732077446363
8,47,0.024594453165881738
9,21,0.01098901098901099
10,31,0.016221873364730507
11,27,0.0141287284144427
12,16,0.00837257980115123
13,24,0.012558869701726845
14,16,0.00837257980115123
15,17,0.008895866038723181
16,9,0.004709576138147566
17,5,0.0026164311878597592
