binCenters,prob,dprob,poisson
1.0,0.1080418044539479,0.0008937002988372,0.14884608171047653
2.0,0.2501719751029778,0.0012468778249563,0.2236546319065282
3.0,0.3081462327092502,0.0013292581290057,0.22404080688999808
4.0,0.2215122205922574,0.0011954969808931,0.16832073649909607
5.0,0.0889712159261377,0.0008196237812655,0.10116682127290791
6.0,0.0207779076224338,0.0004106437768576,0.050670750869919574
7.0,0.0022626121982147,0.0001367845115666,0.02175353224717216
8.0,9.945548124020983e-05,2.870889669814303e-05,0.008171659931350477
9.0,1.6575913540034974e-05,1.172084372546686e-05,0.0027285898635230972
