binCenters,prob,dprob
1.0,0.12218406760673145,0.0016161968577311804
2.0,0.2573244684737342,0.0021573734963555658
3.0,0.29071381602980934,0.0022409327578969736
4.0,0.20827549255984998,0.0020039707043838454
5.0,0.09488322252258835,0.0014462129954167385
6.0,0.022527459146148412,0.0007323077451507192
7.0,0.003896641582036482,0.00030745578677613723
8.0,0.0001948320791018241,6.887683147403881e-05
