binCenters,prob,dprob,poisson
1.0,0.4211852449103003,0.0028618451581929,0.2932874095336216
2.0,0.3708593697507223,0.0027997435692538,0.26865465659960114
3.0,0.1670698111939797,0.0021621860134057,0.1640605134906655
4.0,0.0366525566082107,0.0010891391576654,0.07514066318679845
5.0,0.0040986360276825,0.0003703118429955,0.027531886346183518
6.0,0.0001343815091043,6.718623980299653e-05,0.008406508691292525
