binCenters,prob,dprob
1.0,0.44039966597401586,0.0015469396737880046
2.0,0.3744975045151768,0.0015081685918290515
3.0,0.1530596391742567,0.0011219349113276115
4.0,0.02962538597479269,0.0005283389474482508
5.0,0.0023498339580137104,0.00015087546867977389
6.0,6.797040374419825e-05,2.568952472320719e-05
