f0,f1,f2,sdf0,sdf1,sdf2,Q,sdQ,m,sdm,k0,k1,k2,sdk0,sdk1,sdk2
0.1740246397,0.1558643718,0.6701109885,0.0056479277,0.0087758919,0.0103070215,0.3583822449,0.0267769223,0.5051664828,0.0154605322,0.7262102368,0.3988088516,0.5659438245,0.0208895955,0.0338498686,0.0194608098