f0,f1,f2,sdf0,sdf1,sdf2,Q,sdQ,m,sdm,k0,k1,k2,sdk0,sdk1,sdk2
0.0388871129,0.1246975025,0.8364153846,0.0088524052,0.0270945177,0.0284571024,0.5870203796,0.081715159,0.7546230769,0.0426856536,0.8654416391,0.6526283859,0.700149792,0.0857748583,0.0754775851,0.0615715392