f0,f1,f2,sdf0,sdf1,sdf2,Q,sdQ,m,sdm,k0,k1,k2,sdk0,sdk1,sdk2
0.1112613621,0.885762222,0.002976416,0.0101212359,0.020224204,0.0175552658,-1.768548028,0.056336434,0.828643333,0.030336306,0.9874873755,1.9683604933,0.0066142577,0.0112458176,0.0449426755,0.0390117017