f0,f1,f2,sdf0,sdf1,sdf2,Q,sdQ,m,sdm,k0,k1,k2,sdk0,sdk1,sdk2
0.1100397602,0.0887350649,0.8012251748,0.0141772009,0.0333362301,0.035778906,0.623755045,0.1005297454,0.7018377622,0.053668359,0.9589925286,0.7140759019,0.822082613,0.0579068768,0.1074167413,0.0644464767