f0,f1,f2,sdf0,sdf1,sdf2,Q,sdQ,m,sdm,k0,k1,k2,sdk0,sdk1,sdk2
0.1011536232,0.4681809095,0.4306654673,0.0303704018,0.4399226288,0.439896243,-0.5056963518,1.3190424204,0.8301109445,0.0831708001,1.0409895052,20.4474682659,20.3690981176,0.6044866936,2.6052435824,2.5550632216