f0,f1,f2,sdf0,sdf1,sdf2,Q,sdQ,m,sdm
0.981261557,0.0,0.018738443,0.0032591327,0.0,0.0032591327,0.018738443,0.0032591327,0.9718923355,0.0048886991