f0,f1,f2,sdf0,sdf1,sdf2,Q,sdQ,m,sdm,k0,k1,k2,sdk0,sdk1,sdk2
0.3448767416,0.3103671484,0.3447561099,0.0067449049,0.0065448974,0.006748218,-0.2759781869,0.0173966073,0.0242909385,0.0072755097,0.0219757575,0.0168910616,0.0097193227,0.0166158809,0.0126272696,0.0073006594