f0,f1,f2,sdf0,sdf1,sdf2,Q,sdQ,m,sdm
0.11516728,0.32403752,0.5607952,0.0498737624,0.140447052,0.1471840027,-0.08727984,0.4223350021,0.427801804,0.0994164708