f0,f1,f2,sdf0,sdf1,sdf2,Q,sdQ,m,sdm
0.400277172,0.271747276,0.327975552,0.0086128163,0.1873233487,0.1874763776,-0.215519,0.5619911362,0.217561138,0.1172458592