f0,f1,f2,sdf0,sdf1,sdf2,Q,sdQ,m,sdm,k0,k1,k2,sdk0,sdk1,sdk2
0.158278864,0.1212844299,0.7204367062,0.0643751185,0.0916268055,0.1096219305,0.4778678464,0.2795271366,0.5822006565,0.1600851002,0.7847475421,0.5731819201,0.6618191,0.2371107566,0.2821192607,0.2042290811