f0,f1,f2,sdf0,sdf1,sdf2,Q,sdQ,m,sdm,k0,k1,k2,sdk0,sdk1,sdk2
0.1000852074,0.5398303348,0.3600844578,0.0096196215,0.440680599,0.4408078257,-0.7195762119,1.3220990453,0.8495766117,0.0145716955,0.9996348254,4.0543906618,3.6557866781,0.0412269492,0.9810380679,0.9817076659