f0,f1,f2,sdf0,sdf1,sdf2,Q,sdQ,m,sdm
0.344917224,0.619090624,0.035992152,0.0172271779,0.0161792016,0.0030794219,-1.202189096,0.0317095662,0.429672664,0.0141109434