f0,f1,f2,sdf0,sdf1,sdf2,Q,sdQ,m,sdm,k0,k1,k2,sdk0,sdk1,sdk2
0.9992761667,0.0007238333,0.0,0.0031438753,0.0031438753,0.0,-0.0014476667,0.0062877506,0.99891425,0.004715813,0.0008042593,0.0016085185,0.0,0.0034931948,0.0069863896,0.0