f0,f1,f2,sdf0,sdf1,sdf2,Q,sdQ,m,sdm,k0,k1,k2,sdk0,sdk1,sdk2
0.1271125874,0.2289521079,0.6439353047,0.0048095097,0.0087360644,0.0096501948,0.1860310889,0.0262874293,0.465902957,0.0144752922,0.5759313251,0.334948639,0.3726929151,0.0752256653,0.0253761871,0.0236410395