f0,f1,f2,sdf0,sdf1,sdf2,Q,sdQ,m,sdm,k0,k1,k2,sdk0,sdk1,sdk2
0.1343614193,0.212266067,0.6533725137,0.0348537103,0.0626850354,0.0693093109,0.2288403798,0.1885689833,0.480110045,0.1037947384,0.6425266314,0.3699816092,0.419152042,0.3467358504,0.1743384029,0.1607451944