f0,f1,f2,sdf0,sdf1,sdf2,Q,sdQ,m,sdm,k0,k1,k2,sdk0,sdk1,sdk2
0.1527442757,0.1190727473,0.728182977,0.0052861782,0.0074204417,0.008948282,0.4900374825,0.0226871246,0.5922744655,0.013422423,0.8049184323,0.5407194035,0.6755902363,0.019551618,0.0286217038,0.0168953576