f0,f1,f2,f3,f4,f5,sdf0,sdf1,sdf2,sdf3,sdf4,sdf5,Q,sdQ,m,sdm,k0,k1,k2,k3,k4,k5,sdk0,sdk1,sdk2,sdk3,sdk4,sdk5
0.10783288,0.04637472,0.04695866,0.04664932,0.0472843,0.70490012,0.0099234445,0.0115901434,0.0116257985,0.011476145,0.0121096157,0.0254274549,-0.04579078,0.026040666,0.55735018,0.0381411824,0.6568324,0.71512672,0.71153966,0.7134398914,0.7095393,0.7076900753,0.4575531382,0.0711965954,0.0714156194,0.0704963191,0.0743876396,0.0380968837