f0,f1,f2,sdf0,sdf1,sdf2,Q,sdQ,m,sdm,k0,k1,k2,sdk0,sdk1,sdk2
0.10032,0.209432,0.690248,0.0040976091,0.0088550424,0.0099832307,0.271384,0.027127192,0.535372,0.0149748461,1.0094622309,0.4553326127,0.401896071,0.1211641348,0.0230292067,0.0284669969