f0,f1,f2,sdf0,sdf1,sdf2,Q,sdQ,m,sdm,k0,k1,k2,sdk0,sdk1,sdk2
0.108504,0.441816,0.44968,0.0049003249,0.0429911961,0.0440888557,-0.433952,0.1298957771,0.223504,0.0360421473,0.9635542857,0.9298514286,0.9972571429,0.0210013924,0.3684959668,0.3779044777