f0,f1,f2,sdf0,sdf1,sdf2,Q,sdQ,m,sdm,k0,k1,k2,sdk0,sdk1,sdk2
0.1000783202,0.6328221842,0.2670994956,0.0095381753,0.3007448939,0.3006682719,-0.9985448728,0.9020572171,0.6519955538,0.2262225956,0.9996643421,3.2857009539,2.3128747218,0.0408778941,1.5617371257,1.2706892487