f0,f1,f2,sdf0,sdf1,sdf2,Q,sdQ,m,sdm
0.49971134,0.0,0.50028866,0.0066724437,0.0,0.0066724437,0.50028866,0.0066724437,0.25794997,0.0060958055