f0,f1,f2,sdf0,sdf1,sdf2,Q,sdQ,m,sdm
0.996455406,0.0,0.003544594,0.0077027856,0.0,0.0077027856,0.003544594,0.0077027856,0.994683109,0.0115541784