f0,f1,f2,sdf0,sdf1,sdf2,Q,sdQ,m,sdm,k0,k1,k2,sdk0,sdk1,sdk2
0.1297902098,0.2320022834,0.6382075068,0.0577647657,0.1015268717,0.112395312,0.1742029399,0.3050750993,0.4625560154,0.158272195,0.8684429124,0.3781752941,0.3902773073,0.5893466648,0.2242542149,0.228334617