f0,f1,f2,sdf0,sdf1,sdf2,Q,sdQ,m,sdm,k0,k1,k2,sdk0,sdk1,sdk2
0.87085657,0.0,0.12914343,0.0646557591,0.0,0.0646557591,0.12914343,0.0646557591,0.806284855,0.0969836387,0.1434927,0.0,0.1434927,0.0718397324,0.0,0.0718397324