f0,f1,f2,sdf0,sdf1,sdf2,Q,sdQ,m,sdm,k0,k1,k2,sdk0,sdk1,sdk2
0.2263596487,0.2782604631,0.4953798882,0.0043535143,0.0054047896,0.0060869911,-0.0611410379,0.0157644764,0.2430698323,0.0091304866,0.3045321661,0.0592168798,0.1525655476,0.0239612025,0.0182660277,0.0127485654