f0,f1,f2,sdf0,sdf1,sdf2,Q,sdQ,m,sdm,k0,k1,k2,sdk0,sdk1,sdk2
0.1024124938,0.1731696152,0.7244178911,0.0304175172,0.1093722331,0.1129078358,0.3780786607,0.3288887345,0.5911208396,0.1578746825,5.2105337331,0.6052274529,0.5967912111,3.990324691,0.2323129553,0.2405534786