f0,f1,f2,sdf0,sdf1,sdf2,Q,sdQ,m,sdm,k0,k1,k2,sdk0,sdk1,sdk2
0.5078498,0.0,0.4921502,0.0699662965,0.0,0.0699662965,0.4921502,0.0699662965,0.3338233,0.0642392705,0.5468335556,0.0,0.5468335556,0.0777403294,0.0,0.0777403294