f0,f1,f2,sdf0,sdf1,sdf2,Q,sdQ,m,sdm,k0,k1,k2,sdk0,sdk1,sdk2
0.102856,0.269888,0.627256,0.003821003,0.0183750335,0.0184240295,0.08748,0.0549088845,0.440884,0.0276360443,1.59976,0.3702613333,0.3564467416,0.802410632,0.0428750782,0.0434724292