f0,f1,f2,sdf0,sdf1,sdf2,Q,sdQ,m,sdm,k0,k1,k2,sdk0,sdk1,sdk2
0.1112124942,0.4181334652,0.4706540407,0.0100915991,0.3478531023,0.3478461542,-0.3656128897,1.0434547642,0.6380206299,0.2272269766,0.9875416731,0.9291854782,1.0458978681,0.0112128879,0.7730068939,0.7729914539