f0,f1,f2,sdf0,sdf1,sdf2,Q,sdQ,m,sdm
0.167159,0.3331932,0.4996478,0.0127165765,0.4081566266,0.4080788872,-0.1667386,1.2242600635,0.7492615,0.0190748648