f0,f1,f2,sdf0,sdf1,sdf2,Q,sdQ,m,sdm,k0,k1,k2,sdk0,sdk1,sdk2
0.9601186,0.0,0.0398814,0.0978478612,0.0,0.0978478612,0.0398814,0.0978478612,0.9401845,0.1467407526,0.0443126667,0.0,0.0443126667,0.1087198457,0.0,0.1087198457