f0,f1,f2,sdf0,sdf1,sdf2,Q,sdQ,m,sdm,k0,k1,k2,sdk0,sdk1,sdk2
0.027455984,0.1008191409,0.8717248751,0.0023136446,0.0185079976,0.0186883044,0.6700865934,0.0556087053,0.8075873127,0.0280324566,0.9730936783,0.7591542746,0.7974535749,0.0253469344,0.0442135498,0.0366520907