f0,f1,f2,sdf0,sdf1,sdf2,Q,sdQ,m,sdm,k0,k1,k2,sdk0,sdk1,sdk2
0.1531896208,0.1158562874,0.7309540918,0.0151444796,0.0213387119,0.024865143,0.499241517,0.0642507528,0.5964311377,0.0372977145,0.8032712657,0.5531257485,0.6808224111,0.0560138286,0.0823064601,0.0469481721