f0,f1,f2,sdf0,sdf1,sdf2,Q,sdQ,m,sdm,k0,k1,k2,sdk0,sdk1,sdk2
0.1361410019,0.3375424575,0.5263165406,0.0589578271,0.1274633576,0.1358192611,-0.1487683745,0.3819293253,0.3456643357,0.1475707646,0.7784338111,0.3386597076,0.3476826634,0.5548332099,0.213320632,0.2140897133