f0,f1,f2,sdf0,sdf1,sdf2,Q,sdQ,m,sdm,k0,k1,k2,sdk0,sdk1,sdk2
0.1090712644,0.0472371814,0.8436915542,0.0314576895,0.037410069,0.0488394816,0.7492171914,0.1165066179,0.7655373313,0.0732592224,0.9288108803,0.8515405155,0.873593285,0.246847576,0.1175728478,0.1096396526