f0,f1,f2,sdf0,sdf1,sdf2,Q,sdQ,m,sdm,k0,k1,k2,sdk0,sdk1,sdk2
0.0261893373,0.2488931254,0.7249175372,0.0022735762,0.0173748274,0.0174793687,0.2271312864,0.0521301684,0.5873763058,0.0262190531,0.8281385484,0.4572747126,0.4627034327,0.3274391446,0.0378867764,0.0375540321