f0,f1,f2,sdf0,sdf1,sdf2,Q,sdQ,m,sdm,k0,k1,k2,sdk0,sdk1,sdk2
0.1655333083,0.4426112444,0.3918554473,0.01246016,0.1274267723,0.1273440176,-0.4933670415,0.3817911459,0.2847176912,0.1129905485,0.9190037762,0.9817356603,0.8562737564,0.0154001978,0.3149875271,0.3147778937