f0,f1,f2,sdf0,sdf1,sdf2,Q,sdQ,m,sdm,k0,k1,k2,sdk0,sdk1,sdk2
0.1361234143,0.0045094573,0.8593671284,0.0049986163,0.0009518706,0.0050934823,0.8503482139,0.005770156,0.7890506927,0.0076402234,0.9039757342,0.9053013973,0.9041246851,0.0132874611,0.0199892831,0.0120183289