f0,f1,f2,sdf0,sdf1,sdf2,Q,sdQ,m,sdm,k0,k1,k2,sdk0,sdk1,sdk2
0.1666381334,0.4339086127,0.3994532539,0.0012382172,0.0959604559,0.0959466717,-0.4683639715,0.2878622581,0.25407603,0.0687485203,0.9257930543,0.9641618802,0.8874242285,0.0013788549,0.2137194416,0.2136887421