f0,f1,f2,sdf0,sdf1,sdf2,Q,sdQ,m,sdm
0.999166906,0.000713161,0.000119933,0.0043399278,0.0041513759,0.0013312078,-0.001306389,0.008429112,0.998750359,0.0065098917