f0,f1,f2,sdf0,sdf1,sdf2,Q,sdQ,m,sdm
0.16693788,0.0,0.83306212,0.0124890873,0.0,0.0124890873,0.83306212,0.0124890873,0.74959318,0.0187336309