f0,f1,f2,sdf0,sdf1,sdf2,Q,sdQ,m,sdm,k0,k1,k2,sdk0,sdk1,sdk2
0.0254371814,0.0117608196,0.962801999,0.0157827985,0.0191383862,0.0247519403,0.9392803598,0.0594764587,0.9442029985,0.0371279104,3.6447096452,0.970597951,0.9697748648,2.6486671986,0.0478459654,0.0613322414