f0,f1,f2,sdf0,sdf1,sdf2,Q,sdQ,m,sdm
0.100045696,0.475876984,0.42407732,0.0042759633,0.2850866181,0.2851035068,-0.527676648,0.8552553654,0.55830163,0.1935474956