f0,f1,f2,sdf0,sdf1,sdf2,Q,sdQ,m,sdm,k0,k1,k2,sdk0,sdk1,sdk2
0.1073556444,0.0698403596,0.822803996,0.0139831778,0.0200277253,0.0243757168,0.6831232767,0.061628945,0.734205994,0.0365635752,0.884950178,0.7971303839,0.8108852914,0.2187112425,0.0581757734,0.0597156114