f0,f1,f2,sdf0,sdf1,sdf2,Q,sdQ,m,sdm,k0,k1,k2,sdk0,sdk1,sdk2
0.77224544,0.09208528,0.13566928,0.0259823463,0.1140694171,0.1124701634,-0.04850128,0.3386287642,0.65836816,0.0389735194,0.2530606222,0.2046339556,0.3014872889,0.0288692737,0.2534875937,0.2499336965