f0,f1,f2,sdf0,sdf1,sdf2,Q,sdQ,m,sdm,k0,k1,k2,sdk0,sdk1,sdk2
0.122344,0.148816,0.72884,0.0041389931,0.0086889208,0.0095696186,0.431208,0.0263335211,0.59326,0.0143544279,0.7692936585,0.5500087619,0.5996810313,0.0427359452,0.0262736414,0.0223819809