f0,f1,f2,sdf0,sdf1,sdf2,Q,sdQ,m,sdm,k0,k1,k2,sdk0,sdk1,sdk2
0.1050801255,0.0334667807,0.8614530938,0.0524831083,0.0592127588,0.0790000042,0.7945195324,0.1850701313,0.7926860565,0.1158015705,1.6877569536,0.9088300134,0.9022976563,1.1340792396,0.1532001956,0.1956694414