f0,f1,f2,sdf0,sdf1,sdf2,Q,sdQ,m,sdm,k0,k1,k2,sdk0,sdk1,sdk2
0.0251848916,0.0553991804,0.919415928,0.0022618142,0.1765005075,0.1770106167,0.8086175672,0.5300024703,0.925070015,0.0931557824,0.9979744365,0.9557464263,0.9473178151,0.0247791106,0.1309912371,0.1302520873