f0,f1,f2,sdf0,sdf1,sdf2,Q,sdQ,m,sdm
0.110924264,0.737864192,0.151211544,0.0500984205,0.0490920252,0.0275587357,-1.32451684,0.1082539139,0.611378572,0.0444825347