f0,f1,f2,sdf0,sdf1,sdf2,Q,sdQ,m,sdm,k0,k1,k2,sdk0,sdk1,sdk2
0.1126672664,0.1774472764,0.7098854573,0.0483897649,0.3461156661,0.3651822967,0.3549909045,1.0555413382,0.8297370315,0.0754491983,0.9832155134,3.5413513243,0.8098513052,0.0641178086,4.979027724,0.3644373586