f0,f1,f2,sdf0,sdf1,sdf2,Q,sdQ,m,sdm,k0,k1,k2,sdk0,sdk1,sdk2
0.1072905827,0.3388774853,0.553831932,0.0043764666,0.0075136715,0.0078798773,-0.1239230385,0.0220613243,0.3307478981,0.0118198159,0.7328512944,0.0801896829,0.073636098,0.5502328275,0.0203942511,0.0210822797