f0,f1,f2,sdf0,sdf1,sdf2,Q,sdQ,m,sdm
0.1369014286,0.3527871429,0.5103114286,0.0590820847,0.1279001492,0.1348318717,-0.1952628571,0.3817174405,0.332827,0.1410312685