f0,f1,f2,sdf0,sdf1,sdf2,Q,sdQ,m,sdm,k0,k1,k2,sdk0,sdk1,sdk2
0.1056354627,0.0690798356,0.8252847017,0.0330914948,0.2310795489,0.2443623554,0.6871250306,0.7052200617,0.8392475281,0.0577838516,0.9925328523,1.9791230498,0.9244638636,0.0438471675,3.3203266839,0.2456152728