f0,f1,f2,sdf0,sdf1,sdf2,Q,sdQ,m,sdm,k0,k1,k2,sdk0,sdk1,sdk2
0.4903177742,0.2829186598,0.226763566,0.154000942,0.2783644788,0.2730216025,-0.3390737537,0.8006937644,0.4173693082,0.1598752477,0.6371027822,0.7072966496,0.5669089149,0.1925011774,0.6959111969,0.6825540063