f0,f1,f2,sdf0,sdf1,sdf2,Q,sdQ,m,sdm
0.90927256,0.01746988,0.07325756,0.0153279154,0.0348178042,0.0392376104,0.0383178,0.106876364,0.86390884,0.0229918731