f0,f1,f2,sdf0,sdf1,sdf2,Q,sdQ,m,sdm
0.16661838,0.53462752,0.2987541,0.0039380376,0.3701423591,0.3701189448,-0.77050094,1.1103896971,0.69820624,0.1051423615