f0,f1,f2,sdf0,sdf1,sdf2,Q,sdQ,m,sdm
0.1101862857,0.0786068571,0.8112068571,0.0537803051,0.0807653111,0.0967070383,0.6539931429,0.2478110655,0.71695,0.1445270949