f0,f1,f2,sdf0,sdf1,sdf2,Q,sdQ,m,sdm,k0,k1,k2,sdk0,sdk1,sdk2
0.100006663,0.4038304022,0.4961629348,0.0003029492,0.0598245397,0.0598258893,-0.3114978696,0.1794744572,0.2725632522,0.0576979823,0.9999714442,0.6056147554,1.3956822981,0.0012983536,0.5111817397,0.5127933365