f0,f1,f2,sdf0,sdf1,sdf2,Q,sdQ,m,sdm
0.111776136,0.083514144,0.80470972,0.0686641943,0.195393185,0.2177527329,0.637681432,0.6015731007,0.78258454,0.1269559081