f0,f1,f2,sdf0,sdf1,sdf2,Q,sdQ,m,sdm
0.99777798,0.00221698,5.04e-06,0.0083205528,0.0083212564,0.0001031436,-0.00442892,0.0166441751,0.99666697,0.0124808292