f0,f1,f2,sdf0,sdf1,sdf2,Q,sdQ,m,sdm
0.1675488,0.2787896,0.5536616,0.1246377135,0.2689679515,0.2841181316,-0.0039176,0.8032202515,0.5307148,0.2464122583