f0,f1,f2,sdf0,sdf1,sdf2,Q,sdQ,m,sdm,k0,k1,k2,sdk0,sdk1,sdk2
0.1337106723,0.2639232692,0.6023660585,0.0109207121,0.0195356431,0.0211367826,0.0745195201,0.0582375732,0.4035490877,0.0317051738,0.473129269,0.2333664298,0.2708566091,0.1697034901,0.0567435627,0.0517808729