f0,f1,f2,sdf0,sdf1,sdf2,Q,sdQ,m,sdm
0.11052868,0.03554212,0.8539292,0.00998826,0.1741310354,0.1745817137,0.78284496,0.5226533254,0.83420674,0.0149826296