f0,f1,f2,sdf0,sdf1,sdf2,Q,sdQ,m,sdm,k0,k1,k2,sdk0,sdk1,sdk2
0.20083726,0.1922526,0.60691014,0.0134714459,0.0187723124,0.0219096478,0.22240494,0.0564936861,0.41036521,0.0328644716,0.6270402712,0.2584746343,0.446613551,0.0498258959,0.0723347163,0.0413678664