f0,f1,f2,sdf0,sdf1,sdf2,Q,sdQ,m,sdm,k0,k1,k2,sdk0,sdk1,sdk2
0.111222653,0.0005425064,0.8882348406,0.0100842561,0.014061982,0.0174616436,0.8871498278,0.0435635006,0.8324180202,0.0244483952,0.9875303855,0.0,0.9869276006,0.011204729,0.0,0.0194018263