f0,f1,f2,sdf0,sdf1,sdf2,Q,sdQ,m,sdm
0.075227798,0.310425596,0.614346606,0.0084961021,0.0364773741,0.0370242508,-0.006504586,0.1093234233,0.421519909,0.0555363762