f0,f1,f2,sdf0,sdf1,sdf2,Q,sdQ,m,sdm,k0,k1,k2,sdk0,sdk1,sdk2
0.133656,0.334896,0.531448,0.0045808366,0.0068923424,0.0086478261,-0.138344,0.0216197332,0.297172,0.0129717391,0.1747755555,0.0537859048,0.0654949288,0.1023989661,0.0194736024,0.0219275362