f0,f1,f2,sdf0,sdf1,sdf2,Q,sdQ,m,sdm
0.138976,0.264324,0.5967,0.0569765866,0.1236333411,0.1326430172,0.068052,0.3714849463,0.4226245,0.1589073771