f0,f1,f2,sdf0,sdf1,sdf2,Q,sdQ,m,sdm
0.1665038,0.497253,0.3362432,0.0130586977,0.3952401885,0.3952955872,-0.6582628,1.1856321454,0.7299949,0.0212172436