f0,f1,f2,sdf0,sdf1,sdf2,Q,sdQ,m,sdm
0.130959,0.3446584,0.5243826,0.0175569906,0.4183792405,0.4252888849,-0.1649342,1.2618409347,0.7984618,0.0270324831