f0,f1,f2,sdf0,sdf1,sdf2,Q,sdQ,m,sdm
0.1706558,0.1673924,0.6619518,0.0204861301,0.3189157927,0.3267802596,0.327167,0.9642408144,0.7315939,0.0322628793