f0,f1,f2,sdf0,sdf1,sdf2,Q,sdQ,m,sdm
0.1616556,0.3323724,0.505972,0.0188382746,0.39837529,0.4064425204,-0.1587728,1.202952217,0.7459222,0.0292565232