f0,f1,f2,sdf0,sdf1,sdf2,Q,sdQ,m,sdm
0.166162,0.012224,0.821614,0.0260659962,0.007608694,0.0281028647,0.797166,0.036848257,0.732421,0.042154297