interac_r,mcs
3.5,1.2097807757166947
4.0,1.6953824948311509
5.0,3.411895250776742
5.5,4.558628983764281
6.0,6.061333333333334
6.3,6.097765363128492
6.4,5.896081771720613
6.5,5.661290322580645
6.6,5.816705336426915
6.7,5.141538461538461
7.0,5.059171597633136
7.5,4.126760563380282
8.0,3.388888888888889
9.0,1.0
10.0,
