f0,f1,f2,sdf0,sdf1,sdf2,Q,sdQ
0.12195876,0.05465112,0.82339012,0.0111143268,0.01339558,0.0174557316,0.71408788,0.0417576407