f0,f1,f2,sdf0,sdf1,sdf2,Q,sdQ
0.16275714,0.14991196,0.6873309,0.0184687081,0.0325635663,0.0375727852,0.38750698,0.0995754553