f0,f1,f2,sdf0,sdf1,sdf2,Q,sdQ
0.15780006,0.13574828,0.70645166,0.0180010995,0.031657521,0.036653389,0.4349551,0.0969305185