f0,f1,f2,f3,f4,sdf0,sdf1,sdf2,sdf3,sdf4,Q,sdQ
0.1508371429,0.1821942857,0.2116657143,0.3046714286,nan,0.0611194315,0.0656423318,0.0681582259,0.0766793895,nan,-0.1527228571,0.1626140238