f0,f1,f2,sdf0,sdf1,sdf2,Q,sdQ
0.1890742857,0.1007782857,0.7101474286,0.0739306362,0.0994196136,0.1247289351,0.5085908571,0.308295315