f0,f1,f2,sdf0,sdf1,sdf2,Q,sdQ
0.111553,0.02871692,0.85973008,0.0153662419,0.0173072062,0.0233969952,0.80229624,0.0544724855