f0,f1,f2,sdf0,sdf1,sdf2,Q,sdQ
0.16050268,0.06965022,0.7698471,0.0178778151,0.0205105147,0.0270899292,0.63054666,0.0639253277