arena_r,interac_r,pi1,pi2,q1,q2,lambda,f0,f1,f2,sdf0,sdf1,sdf2,Q,sdQ,m,sdm,k0,k1,k2,sdk0,sdk1,sdk2
20.0,6.5,0.3,0.3,7,10,0.3,0.1464630542,0.3128327265,0.5407042193,0.0435685825,0.0656070936,0.0702953684,-0.0849612337,0.1919729618,,,,,,,,
20.0,6.5,0.3,0.3,7,10,0.6,0.1298949097,0.2468691369,0.6232359535,0.0424099437,0.0786853989,0.0859024024,0.1294976797,0.235984774,,,,,,,,
20.0,6.5,0.3,0.3,7,10,0.9,0.1102680089,0.0888174484,0.8009145427,0.0399361158,0.0654695753,0.0768503184,0.6232796459,0.2006133579,,,,,,,,
20.0,7.5,0.3,0.3,7,10,0.3,0.1465120863,0.3121686007,0.541319313,0.0435526958,0.0673378661,0.0724630401,-0.0830178884,0.1979023274,,,,,,,,
20.0,7.5,0.3,0.3,7,10,0.6,0.1290808726,0.2424463884,0.628472739,0.0422833441,0.0790091651,0.086325338,0.1435799622,0.2371394497,,,,,,,,
20.0,7.5,0.3,0.3,7,10,0.9,0.1093751562,0.0842889992,0.8063358446,0.039931614,0.0636922912,0.0750802633,0.6377578462,0.1950956636,,,,,,,,
20.0,8.0,0.3,0.3,7,10,0.3,0.1465042311,0.3114270004,0.5420687685,0.043564994,0.0673674912,0.0720087038,-0.0807852323,0.1974594037,,,,,,,,
20.0,8.0,0.3,0.3,7,10,0.6,0.1289282679,0.2444902346,0.6265814975,0.0422597488,0.0782170307,0.0853993357,0.1376010283,0.2345523187,,,,,,,,
20.0,8.0,0.3,0.3,7,10,0.9,0.1087361017,0.0821758846,0.8090880137,0.0395575897,0.0628360655,0.0742430177,0.6447362445,0.1926050311,,,,,,,,
