interac_r,avgDegree,stdDegree
40.0,2.42212987012987,1.2258635477406137
50.0,3.2303376623376625,1.3926837178384033
60.0,4.142181818181818,1.6184784960779752
70.0,5.385454545454546,1.9718134217039416
80.0,6.535844155844156,2.276255383983791
90.0,7.733714285714286,2.578331479284354
