interac_r,avgDegree,stdDegree
40.0,2.8943913425620744,1.313216193063843
50.0,3.910349373764008,1.4852270071233478
60.0,5.114727532410459,1.723161775816179
70.0,6.848961766644694,2.1751316189448286
80.0,8.503131179960448,2.5322716197699147
90.0,10.290128543177323,2.919267159432956
