interac_r,avgDegree,stdDegree
40.0,1.729784735812133,1.0722333225954275
50.0,2.438538812785388,1.2359950281780192
60.0,3.2370254403131113,1.4349823875965224
70.0,4.321148075668623,1.755351965120554
80.0,5.389197651663405,2.0333984216018655
90.0,6.5181735159817356,2.3166804430425794
