binCenters,prob,dprob
0.0,0.008553523035230352,0.0008474595524257428
1.0,0.04844173441734417,0.0019757835394722686
2.0,0.12914972899728996,0.003086244457655056
3.0,0.21620934959349594,0.0037883413313086157
4.0,0.25525067750677505,0.0040123641179018515
5.0,0.20088075880758807,0.0036871159203366033
6.0,0.1002710027100271,0.0027641102758394834
7.0,0.03277439024390244,0.0016384871191552814
8.0,0.007791327913279133,0.0008091314433603425
9.0,0.0006775067750677507,0.00023945366049583583
