binCenters,prob,dprob
0.0,0.06571815718157181,0.002280307787903572
1.0,0.2105352303523035,0.003751807910319433
2.0,0.3086890243902439,0.004251176612705663
3.0,0.24923780487804878,0.003980796568432369
4.0,0.12296747967479675,0.003022141623302285
5.0,0.03633130081300813,0.0017219327182261804
6.0,0.006012872628726287,0.0007114480771545267
7.0,0.0005081300813008131,0.00020739052625304047
