binCenters,prob,dprob
0.0,0.03151872399445215,0.0010288031846739222
1.0,0.16414701803051318,0.0021811413885084296
2.0,0.30776699029126214,0.0027179379853948396
3.0,0.28411927877947296,0.0026556635773841864
4.0,0.15585991678224687,0.002135880021146376
5.0,0.047954230235783636,0.001258185708602975
6.0,0.007766990291262136,0.000516934584382901
7.0,0.0008668515950069349,0.00017329515954105448
