binCenters,prob,dprob
0.0,0.023882113821138213,0.0014050744773756998
1.0,0.09637533875338754,0.002715743970718711
2.0,0.21671747967479674,0.003791560724846687
3.0,0.27887872628726285,0.004126897427528604
4.0,0.22916666666666666,0.0038678337174202263
5.0,0.11068766937669376,0.002887278030638332
6.0,0.036415989159891596,0.0017238627121050464
7.0,0.006775067750677507,0.0007549052669243237
8.0,0.0011009485094850948,0.00030518004452331163
