binCenters,prob,dprob
0.0,0.005659075224292615,0.0004406473879343766
1.0,0.05113871635610766,0.0012939785700985548
2.0,0.1611456176673568,0.002159749330261254
3.0,0.2573153899240856,0.002567946093100562
4.0,0.2514492753623188,0.002548511638080171
5.0,0.17339544513457558,0.0022239168682203327
6.0,0.0751207729468599,0.0015483650008765643
7.0,0.02215320910973085,0.0008645787166854493
8.0,0.0023464458247066944,0.00028421431764424264
9.0,0.00027605244996549346,9.758580747692488e-05
