binCenters,prob,dprob
0.0,0.04913314840499307,0.0012727688064072416
1.0,0.2127253814147018,0.0024097675539851656
2.0,0.3345353675450763,0.002778343130010684
3.0,0.2583564493758668,0.00257756507067084
4.0,0.11473647711511789,0.0018766764852200487
5.0,0.02725381414701803,0.0009587729777151288
6.0,0.0029819694868238556,0.0003210742492584482
7.0,0.00027739251040221914,9.805945926793938e-05
