interac_r,mcs
40.0,6.167581897367922
50.0,5.209279368213228
60.0,5.169611307420495
65.0,7.608695652173913
70.0,8.6
75.0,11.9
80.0,2.5
90.0,3.0
