interac_r,mcs
40.0,1.9689203131216864
50.0,3.2218437945074982
60.0,5.05994399754099
70.0,6.576625419695144
80.0,6.553521454349017
90.0,5.57193144198131
