interac_r,mcs
35.0,6.171670868668348
40.0,6.532739654269251
45.0,6.148748159057438
50.0,5.351190476190476
55.0,3.7804878048780486
60.0,4.666666666666667
65.0,2.3846153846153846
70.0,12.142857142857142
80.0,12.142857142857142
90.0,
100.0,
