interac_r,mcs
40.0,2.4074304985443686
50.0,4.124048363058833
60.0,6.173356422504708
70.0,6.991648883198179
80.0,5.664681858086187
90.0,4.643933955491744
100.0,3.993197278911565
