interac_r,mcs
40.0,3.547101617279837
50.0,9.92315628172543
60.0,27.792693361451303
70.0,10.612969118493622
80.0,5.760641750904201
90.0,3.0354943860919956
100.0,2.503171247357294
