interac_r,mcs
35.0,5.028331169930583
40.0,6.071055179090029
45.0,5.879104751421758
50.0,5.702663261583364
60.0,5.459383753501401
70.0,6.352272727272728
80.0,9.352941176470589
90.0,17.0
100.0,
